iso3,requirements,funding_received,pin_total,population,severity_category,severity_index,affected,displaced,injured,fatalities,pin_phase_1,pin_phase_2,pin_phase_3,pin_phase_4,pin_phase_5,access_limited,access_restricted,impediments,coverage,coverage_shortfall,per_pin_gap,per_pin_allocated,need_intensity,affected_intensity,displaced_intensity,phase_45_share,phase_5_share,displaced_share_of_pin,access_restricted_share,access_limited_share,log_pin_total,log_requirements,log_affected,log_displaced,log_fatalities,donor_hhi,donor_top1_share,donor_top3_share,n_donors,donor_entropy,cluster_gini,cluster_min_coverage,cluster_min_name,phase_gini,cbpf_reliance,severity_baseline_24m,severity_acute_delta_3m,severity_volatility_12m,severity_trend_12m,phase_45_share_baseline_12m,phase_45_share_delta_3m,access_restricted_baseline_12m,access_restricted_delta_3m,persistence_P4_plus,displaced_growth_12m,coverage_baseline_3y,coverage_trend_3y,gap_score_balanced,gap_score_cerf_profile,gap_score_echo_profile,gap_score_usaid_profile,gap_score_ngo_profile,completeness,median_rank,rank_iqr,typology_cell
ABW,5089340.0,90615.0,,106435.0,,,,,,,,,,,,,,,0.01780486271304334,0.9821951372869566,,,,,,,,,,,0.0,15.442658910596666,0.0,0.0,0.0,,,,,,,,,,,,,,,,,,,,,0.01780486271304334,-0.31392136486066546,,,,,,0.16666666666666666,,,—
AFG,2416811546.0,1008671701.0,718609621.0,40411869.0,5.0,9.1,46000000.0,12006000.0,4521.0,2582.0,0.0,24111000.0,17315000.0,4574000.0,0.0,,,2.0,0.4173563729738984,0.5826436270261016,1.9595338050727267,1.4036434686142338,17.782142691791858,1.1382794495349868,0.2970909363286316,0.09943478260869565,0.0,0.016707263094102105,,,20.3928288224789,21.605714965830686,17.6441519761925,16.30091716608561,7.8567067930958405,0.33200116707416166,0.5589876490877533,0.7209670876183447,27.0,1.8708818531700195,0.35295879132708313,0.16025478650511216,Emergency Shelter and NFI,0.5698869565217392,0.06361492606620198,5.0,0.0,0.0,,0.14492391304347826,0.0,0.16956521739130434,,17.0,0.9530084140339736,1.5,0.6790020054562533,0.5860559086318212,0.7295939515846837,0.609313975202252,0.5720535209118357,0.5733039302688491,1.0,5.0,1.0,consensus-overlooked
AGO,20227157.0,560874.0,,37205374.0,4.0,6.6,2267000.0,,,,483000.0,683000.0,1167000.0,417000.0,0.0,,,0.0,0.027728760893090412,0.9722712391069096,,,,0.06093205782583989,,0.1839435377150419,0.0,,,,0.0,16.822536714846002,14.63396837060117,0.0,0.0,1.0,1.0,1.0,1.0,-1.000088900581841e-12,,,,0.3781818181818182,,4.0,0.0,0.0,,0.1839435377150419,0.0,,,25.0,,1.5,0.49639908613949085,0.4443976190030551,0.516582380872166,0.39992976183791606,0.5499438094703328,0.3666104761369995,0.5,26.5,11.25,—
ARG,23236023.0,2592788.0,,45808747.0,,,,,,,,,,,,,,,0.11158484392961739,0.8884151560703826,,,,,,,,,,,0.0,16.96121439097404,0.0,0.0,0.0,1.0,1.0,1.0,1.0,-1.000088900581841e-12,,,,,,,,,,,,,,,,0.09557298363137395,-0.010659455675185095,,,,,,0.3333333333333333,,,—
BDI,132607381.0,42594889.0,,13462695.0,4.0,7.1,14700000.0,183000.0,,,0.0,13421000.0,679000.0,600000.0,,,,1.0,0.3212105440797447,0.6787894559202553,,,,1.0919061896596485,0.013593117871273173,0.04081632653061224,,,,,0.0,18.702903305358006,16.503358119776173,12.117246896289503,0.0,0.8323260760600608,0.9094146416468074,1.0,3.0,0.3528413202641112,,,,0.7488707482993198,,4.0,0.0,0.0,,0.04081632653061224,0.0,,,0.0,2.44,1.5,0.538214858115628,0.3968348825461707,0.4778047908385332,0.36605392562359684,0.4835014586043197,0.32826932662424196,0.5,33.5,7.75,—
BFA,792565236.0,275051818.0,221484949.0,23558491.0,5.0,8.4,4432000.0,2063000.0,,1641.0,19638000.0,0.0,2834000.0,1599000.0,0.0,,0.0,1.0,0.3470399728710786,0.6529600271289214,2.3365624632127937,1.2418533143757773,9.401491334907655,0.18812749933771225,0.08756927597782048,0.3607851985559567,0.0,0.00931440266850819,0.0,,19.215865199317115,20.490785378308843,15.304361733041,14.539672276784247,7.403670290012373,0.29663105104429904,0.505470965217475,0.7373106004196583,12.0,1.6847207606167032,0.2847308342564252,0.04408349948985744,Gestion des Sites d’Accueil Temporaires,0.6997632005317602,,5.0,1.0,0.4923659639173309,-0.06293706293706268,0.26677937447168215,0.09400582408427455,0.0,0.0,30.0,0.9805133079847909,1.5,,0.48885728966102415,0.6459477039611109,0.524492898540248,0.49083966445306276,0.4678237125440962,1.0,17.0,6.5,contested-balanced
BGD,970135849.0,507489814.0,,165650475.0,4.0,6.8,48982000.0,,,,45951000.0,33658000.0,15186000.0,138000.0,0.0,,,1.0,0.5231121131366417,0.47688788686335826,,,,0.29569489613597544,,0.0028173614797272466,0.0,,,,0.0,20.692946671201792,17.706963462063374,0.0,0.0,0.10498173103631177,0.21257328230882475,0.44279805326254223,19.0,2.4829349990409724,0.40320388412798175,0.005063294472175249,Education,0.5284653387125657,,4.0,0.0,0.0,,0.0071119692052855985,-0.004293977264264558,,,9.0,,1.5,0.5151683586400098,0.3260477930095352,0.41413584078052734,0.3945216521869756,0.30215727695678785,0.3803574262660967,0.6666666666666666,36.0,12.25,contested-sector-starved
BGR,29882002.0,640000.0,,,2.0,1.5,77000.0,77000.0,,0.0,6447000.0,0.0,77000.0,0.0,0.0,,,0.0,0.021417574364662715,0.9785824256353373,,,,,,0.0,0.0,,,,0.0,17.212766950788048,11.251573687764477,11.251573687764477,0.0,,,,,,,,,0.7952789699570816,,2.0,0.0,0.0,,0.0,0.0,,,0.0,1.0547945205479452,0.1544890841526028,0.6727554579236987,,,,,,0.3333333333333333,,,—
BOL,12187019.0,3430858.0,,12006031.0,3.0,2.9,2200000.0,994000.0,,58.0,1000000.0,1206000.0,994000.0,,,,,1.0,0.2815174079895994,0.7184825920104005,,,,0.18324123934046146,0.08279172359291759,0.0,,,,,0.0,16.315882008897262,14.603968372873895,13.809493491674422,4.07753744390572,0.6710765281985659,0.802074729006982,1.0,3.0,0.5899587048133805,,,,0.4265,,3.0,0.0,0.0,,0.0,0.0,,,0.0,,0.42298916576728074,0.5385054171163598,0.31517898466306904,0.3925316950761219,0.31293609514068166,0.3931728770591634,0.2816319240020553,0.5,46.0,2.25,—
BRA,113420823.0,16394918.0,,203080756.0,3.0,2.7,1168000.0,951000.0,,,131179000.0,608000.0,560000.0,,,,,0.0,0.1445494536748336,0.8554505463251664,,,,0.0057514065980727395,0.004682866159903403,0.0,,,,,0.0,18.546615565556387,13.970804298534327,13.765270393051685,0.0,0.24096163077528993,0.3081035928004284,0.8222431136051412,6.0,1.5309735222363452,,,,0.7947773655617429,,3.0,0.0,0.0,,0.0,0.0,,,0.0,0.9188405797101449,0.18462019976702163,0.6576899001164894,0.24451084245332766,0.38547041283872663,0.303046980818181,0.2843428316594458,0.24488670284642128,0.5,51.0,3.0,—
CAF,326056578.0,135557006.0,40599768.0,,4.0,7.9,5434000.0,1109000.0,,447.0,0.0,3220000.0,1953000.0,261000.0,0.0,,,0.0,0.41574688304555535,0.5842531169544447,4.692134496926189,3.3388615915243656,,,,0.04803091645196908,0.0,0.027315427024115015,,,17.519272934900602,19.60258147948674,15.508186252994912,13.918970168045353,6.104793232414985,0.21254449010474927,0.37294538653828774,0.6836688497733809,10.0,1.8304285393161415,0.36817699488376027,0.032753421676003154,Transfert d’espèces à usages multiples,0.6178137651821862,,4.0,0.0,0.0,,0.059811320754716985,0.0,,,29.0,1.6405325443786982,1.5,0.6558497598620704,0.37803586355483715,0.47175344974101,0.44391233796905877,0.36987166766173896,0.4145438031146355,0.8333333333333334,30.5,7.75,contested-balanced
CHL,80306084.0,2936339.0,,19828563.0,3.0,5.1,1403000.0,752000.0,,6.0,13192000.0,825000.0,578000.0,,,,,0.0,0.036564340505010805,0.9634356594949892,,,,0.07075651422647218,0.03792508816700434,0.0,,,,,0.0,18.201355954377217,14.15412407184272,13.530492932718326,1.9459101490553132,1.0,1.0,1.0,1.0,-1.000088900581841e-12,,,,0.7457074340527577,,3.0,0.0,0.0,,0.0,0.0,,,0.0,1.0820143884892086,0.038399182806622724,-0.07634865445718376,0.3887788338954381,0.4331352343451219,0.3498349175098238,0.49986793400785906,0.3332012673411924,0.5,36.0,7.25,—
CMR,359298328.0,84113019.0,80828011.0,29442318.0,4.0,7.9,278000.0,278000.0,,,2233000.0,0.0,278000.0,,,,,0.0,0.2341035636547688,0.7658964363452312,3.4045785068248184,1.0406419502268835,2.745300522873233,0.009442191338331445,0.009442191338331445,0.0,,0.0034394017192876367,,,18.207834146578918,19.69966360136322,12.535379989788607,12.535379989788607,0.0,0.6271668865157134,0.7739338593571518,0.9948964850161919,5.0,0.6960288138981219,0.39274089804714557,0.05144420434333817,"Water, Sanitation and Hygiene",0.7557148546395859,,4.0,0.0,0.0,,0.057356730590990404,-0.08100888908350484,,,6.0,1.0036101083032491,1.5,0.6375352780607433,0.49263331774503405,0.5464209795623288,0.5119651391739709,0.5224460214448015,0.5085005112438429,1.0,15.5,5.75,contested-sector-starved
COD,2538016151.0,689362675.0,915901388.6058033,103199358.0,5.0,8.9,118834000.0,11327000.0,,2621.0,0.0,103971000.0,8999000.0,5865000.0,0.0,,,1.0,0.27161477074461693,0.7283852292553831,2.01839793999444,0.752660366690083,8.875068666665575,1.151499411459517,0.10975843473754944,0.049354561825740106,0.0,0.012367051891079785,,,20.6354192635746,21.65464857028455,18.593238127648057,16.242699902467475,7.871692664323645,0.2148876333742421,0.39885367779850645,0.6755324121751716,21.0,1.9692115883321077,0.3169655720277028,0.0026952583263604754,Coordination et gestion des camps,0.7302259435351538,0.054796043325703904,5.0,0.0,0.0,,0.049354561825740106,-0.007055398644006262,,,14.0,0.8949905183312263,1.5,,0.48574597929487695,0.6505893453779056,0.5382176786307276,0.47763996930834646,0.4825891926993623,1.0,14.5,7.25,contested-balanced
COG,22496182.0,31046905.0,,,3.0,2.7,525000.0,231000.0,,0.0,5445000.0,0.0,525000.0,0.0,0.0,,,0.0,1.3800966315084044,0.0,,,,,,0.0,0.0,,,,0.0,16.928856208338956,13.171155446333852,12.35017731849889,0.0,,,,,,,,,0.7648241206030151,,3.0,0.0,0.0,,0.0,0.0,,,0.0,1.0,1.458231579763805,0.02088421011809781,,,,,,0.3333333333333333,,,—
COL,809539590.0,143128707.0,109819188.0,53216592.0,5.0,8.4,53110000.0,3906000.0,600.0,1266.0,0.0,42767000.0,7686000.0,2657000.0,0.0,,,0.0,0.17680260331678158,0.8231973966832185,6.068255421812079,1.3033123774326214,2.063626847807165,0.9979970156675948,0.07339816123512757,0.05002824326868763,0.0,0.03556755491581307,,,18.514345834976222,20.51197623785389,17.787875811227426,15.178024646435114,7.144407180321139,0.34026673762441384,0.5499579289834281,0.7822348841445019,15.0,1.6048281216920464,0.15117854441663472,0.1291562399241777,"Agua, Saneamiento e Higiene",0.7020900018828846,0.005315984978967836,4.0,1.0,0.3892494720807615,0.06993006993006999,0.03801543965354924,0.012012803615138387,,,6.0,0.9765,1.5,,0.42479235757154915,0.6057312713318793,0.46499956165993384,0.4571983151287238,0.36776587870585653,1.0,28.0,6.25,contested-balanced
CRI,18903343.0,695934.0,,5163021.0,2.0,4.0,50000.0,47000.0,,,5141000.0,20000.0,30000.0,,,,,0.0,0.03681539291753845,0.9631846070824616,,,,0.00968425268849381,0.009103197527184182,0.0,,,,,0.0,16.75484939559632,10.819798284210286,10.757924157061597,0.0,,,,,,,,,0.7946060489308419,,3.0,0.0,0.5149286505444373,-0.12237762237762237,0.0,0.0,,,0.0,0.22380952380952382,0.05603675498032279,0.7219816225098387,,,,,,0.3333333333333333,,,—
CUB,12373568.0,13123346.0,,11306203.0,4.0,6.6,3500000.0,1880000.0,,13.0,7480000.0,0.0,3500000.0,,,,,1.0,1.0605951331095445,0.0,,,,0.3095645814956622,0.16628040377481282,0.0,,,,,0.0,16.331073223368993,15.068273812173887,14.446782866720884,2.6390573296152584,0.27970501416410476,0.381449189943472,0.8033616519346833,7.0,1.5068438735740177,0.16591964486816538,0.6448739523128882,"Agua, Saneamiento e Higiene",0.672495446265938,,3.5,1.0,0.5477225575051661,0.1428571428571426,0.0,0.0,,,0.0,,1.279128704024579,0.11043564798771077,0.14908375005381067,0.17805845834947653,0.11628453264655773,0.15206621745030147,0.09597390465061689,0.6666666666666666,57.0,0.25,consensus-overlooked
CUW,4720075.0,76392.0,,191155.0,,,,,,,,,,,,,,,0.01618448859393124,0.9838155114060687,,,,,,,,,,,0.0,15.367335459127023,0.0,0.0,0.0,,,,,,,,,,,,,,,,,,,,,0.01618448859393124,-0.11059346284893772,,,,,,0.16666666666666666,,,—
CZE,41124168.0,1949544.0,,,2.0,1.9,401000.0,401000.0,,0.0,10864000.0,0.0,401000.0,0.0,0.0,,,0.0,0.047406284304645385,0.9525937156953546,,,,,,0.0,0.0,,,,0.0,17.532106560158724,12.901719200051183,12.901719200051183,0.0,,,,,,,,,0.7857612072791833,,2.0,0.0,0.0,,0.0,0.0,,,0.0,1.182890855457227,0.3205036657562039,-0.1699286119242032,,,,,,0.3333333333333333,,,—
DJI,11691000.0,9514282.0,,818159.0,3.0,5.8,696000.0,0.0,,,458000.0,479000.0,168000.0,49000.0,0.0,,,0.0,0.8138125053459927,0.1861874946540073,,,,0.8506903914764734,0.0,0.07040229885057471,0.0,,,,0.0,16.274329958524834,13.453106376097134,0.0,0.0,0.885451385320351,0.939005344682927,1.0,2.0,0.22969562598857102,,,,0.47383015597920275,,3.0,0.0,0.0,,0.07703081232492998,-0.006628513474355266,,,3.0,0.0,1.5,,0.2577452934328204,0.2292710281415787,0.17888154011923219,0.33622845212688407,0.18875948543771864,0.5,55.0,1.75,—
DOM,10727500.0,1721628.0,,750548.0,3.0,4.1,117000.0,104000.0,,,11383000.0,47000.0,70000.0,,,,,0.0,0.1604873456070846,0.8395126543929154,,,,0.1558860992235007,0.1385654215320006,0.0,,,,,0.0,16.188321189066176,11.669937760751914,11.552155793461898,0.0,0.9520485107731178,0.9754200830702873,1.0,2.0,0.11536420909468043,,,,0.7942956521739131,,2.0,1.0,0.38924947208076144,0.06993006993006996,0.0,0.0,,,0.0,0.8062015503875969,0.5242860871591704,0.48785695642041493,0.37615849820753017,0.42381262743903253,0.34161961184367784,0.4820447317159406,0.32341446344856084,0.5,38.0,5.25,—
ECU,229690772.0,18451001.0,,17510643.0,4.0,7.0,291000.0,71000.0,92.0,18.0,7307000.0,220000.0,71000.0,,,,,0.0,0.08032974437475442,0.9196702556252456,,,,0.01661846455324342,0.004054676918488944,0.0,,,,,0.0,19.25224449706582,12.581081982573842,11.170449240431308,2.9444389791664403,0.34575324992988477,0.42264646993813587,1.0,3.0,1.0805349627100576,,,,0.7809423532508555,,4.0,0.0,0.0,,0.018963337547408345,-0.03792667509481669,,,0.0,0.0926892950391645,1.5,,0.3217976326884432,0.4786491640797553,0.3622271892251108,0.3662744741780204,0.2925891959890215,0.5,41.0,8.0,—
EGY,289273038.0,51088326.0,,,3.0,5.6,1473000.0,1099000.0,,0.0,23837000.0,0.0,1473000.0,,,,,1.0,0.17660935963205807,0.823390640367942,,,,,,0.0,,,,,0.0,19.48288157168719,14.202812374331163,13.909912143303451,0.0,0.2836579975332158,0.4519519457540727,0.7915152841046913,7.0,1.5002013952281277,,,,0.7767206637692612,,3.0,0.0,0.0,,0.0,0.0,,,13.0,1.1868250539956804,1.5,,0.25082850459554334,0.3849160887039869,0.3029825812389222,0.2943092494282502,0.24769745102078894,0.5,51.0,1.0,—
ETH,395749374.0,99578060.0,,102536651.0,5.0,8.6,137005000.0,5948000.0,,3897.0,0.0,122005000.0,15000000.0,,,,,2.0,0.25161899561210677,0.7483810043878932,,,,1.3361563759284474,0.05800852614154523,0.0,,,,,0.0,19.7962916774443,18.735527986775793,15.598565754685907,8.268218880067506,0.6628396479841567,0.8084339300627871,0.9211433176989577,11.0,0.8221422271189684,,,,0.7562059778840188,0.06252715456531453,5.0,0.0,0.0,,0.0,0.0,0.0,,2.0,0.8446464072706618,1.5,,0.42735949930546463,0.5634240456646268,0.41638080649002934,0.4939960097835995,0.3505021779324738,0.5,23.0,12.75,—
GTM,100563396.0,24992697.0,26044095.0,17843132.0,4.0,7.0,9860000.0,1755000.0,54.0,333.0,8540000.0,6847000.0,2764000.0,248000.0,0.0,,,0.0,0.24852678006220078,0.7514732199377993,2.9016442690751973,0.9596300812141869,1.4596145452491187,0.552593569335249,0.09835717182387038,0.02515212981744422,0.0,0.06738571641671558,,,17.075301659401823,18.426298902503074,16.103996827998692,14.377979984682511,5.811140992976701,0.6573364727071354,0.7804785844829649,1.0,2.0,0.5263015654196133,0.4363287175461593,0.05056514130175911,Nutrición,0.5147888472199577,,4.0,0.0,0.0,,0.02235924840951534,0.005670242707081961,,,0.0,7.869955156950673,1.5,0.5358774031457731,0.497238611044062,0.532969157913467,0.5156581333401523,0.5247996893898004,0.525087659366257,1.0,14.0,7.0,contested-sector-starved
GUY,9886876.0,110279.0,,756237.0,,,,,,,,,,,,,,,0.011154079407893858,0.9888459205921062,,,,,,,,,,,0.0,16.106718880223347,0.0,0.0,0.0,,,,,,,,,,,,,,,,,,,,,1.5,0.7072983884273543,,,,,,0.16666666666666666,,,—
HND,138491372.0,14692873.0,11121158.0,9892674.0,4.0,6.6,10800000.0,571000.0,9.0,287.0,0.0,9173000.0,1565000.0,62000.0,0.0,,,0.0,0.10609233476291938,0.8939076652370807,11.131799314423912,1.3211639471357208,1.1241811870076786,1.0917169614605717,0.057719480092035785,0.005740740740740741,0.0,0.05134357411341517,,,16.2243600679742,18.746318592842975,16.195056784687036,13.255146239950099,5.662960480135946,0.9761060954374403,0.9879068022878141,1.0,2.0,0.06541260267302826,0.4213105733973577,0.0,"Agua, Saneamiento e Higiene",0.7374444444444445,,4.0,0.0,0.0,,0.0337037037037037,-0.02796296296296296,,,19.0,0.9422442244224423,1.5,0.6477716568509411,0.6228162863182016,0.6200277369854118,0.6162770979769889,0.6775174707966921,0.6177351948994465,1.0,2.5,3.25,consensus-sector-starved
HTI,908159989.0,246313372.0,116188716.0,11899555.0,5.0,8.7,11900000.0,2153000.0,,890.0,0.0,5486000.0,4317000.0,1668000.0,429000.0,,,1.0,0.27122244426471864,0.7287775557352814,5.696307178401042,2.1199422842404076,9.764122776019775,1.0000373963564184,0.180931135660115,0.176218487394958,0.036050420168067226,0.01853019875010926,,,18.57072629783971,20.62693112148462,16.29204904211537,14.582373240814576,6.792344427470809,0.2911565252989032,0.45900206534019455,0.8030860157345078,9.0,1.4870035687102467,0.37413105415144143,0.16682526436781608,"Eau Potable, Assainissement et Hygiène",0.4994957983193277,0.015360083268950766,5.0,0.0,0.0,,0.1261344537815126,0.05008403361344538,,,11.0,1.4736481861738535,1.5,,0.5591224287182032,0.6979521332302747,0.6110342252853102,0.5458860790361668,0.5633515764217618,1.0,6.0,2.5,consensus-sector-starved
IRN,263236972.0,20707886.0,,79926270.0,4.0,7.8,60000000.0,3200000.0,24800.0,1937.0,22000000.0,55000000.0,5000000.0,,,,,0.0,0.0786663280718789,0.9213336719281211,,,,0.7506918563821382,0.04003689900704737,0.0,,,,,0.0,19.38856522247377,17.909855136853043,14.978661680269907,7.569411792450712,0.7289702152691485,0.8396347921018236,1.0,3.0,0.4645622767396278,,,,0.6439024390243903,,4.0,0.0,0.0,,0.4903846153846154,-0.44180277031217696,,,49.0,0.7111111111111111,0.194045625,0.7029733934942848,0.3931974939637135,0.5001272542695274,0.38369365305344477,0.4733626397294876,0.33545236547706014,0.5,30.5,5.75,—
JOR,911250694.0,158864252.0,,,3.0,5.9,2412000.0,1135000.0,,0.0,7032000.0,712000.0,1700000.0,,,,,1.0,0.17433649493604667,0.8256635050639534,,,,,,0.0,,,,,0.0,20.630328603975467,14.695967251422825,13.942144089954521,0.0,0.37114658980748183,0.5563792558352503,0.8685430553404048,7.0,1.3114015959283938,,,,0.6676831850910631,,3.0,0.0,0.0,,0.00890106128038343,0.0,,,15.0,0.8598484848484849,1.5,,0.2672475907332507,0.3900327883128361,0.30806108609426397,0.31889968388130396,0.2576252922104281,0.5,49.0,0.5,—
KEN,180960873.0,89141162.0,,47562772.0,4.0,6.7,9444000.0,,,,8161000.0,6171000.0,2873000.0,400000.0,0.0,,,0.0,0.49259909350680464,0.5074009064931954,,,,0.19855865423487093,,0.042354934349851756,0.0,,,,0.0,19.01379140011706,16.060890283074873,0.0,0.0,0.3196292240159979,0.522265294747959,0.7608191101774309,7.0,1.500894765930722,,,,0.5019710309571145,,4.0,0.0,0.0,,0.01670785729457657,-0.01515242580716493,,,1.0,,1.5,,0.2782405767143014,0.4075435283192121,0.30272925725822775,0.3125465940104678,0.2432395548172162,0.5,51.0,2.75,—
LBN,3363656991.0,554384087.0,,,4.0,7.5,5300000.0,1280000.0,,184.0,0.0,1639000.0,3628000.0,34000.0,0.0,,,1.0,0.16481588000302733,0.8351841199969727,,,,,,0.006415094339622641,0.0,,,,0.0,21.936294609530215,15.483217567201578,14.062371417145494,5.220355825078324,0.21727055240520735,0.4294042526073373,0.5930427025376884,18.0,2.074946877520353,0.4482435710414214,0.02808872340425532,Logistics,0.6711941143180532,0.05187998918998934,4.0,0.0,0.38924947208076155,-0.06993006993006988,0.009593243210679775,0.0033962264150943396,,,30.0,1.2030075187969924,1.5,,0.4042179210560193,0.4985618011692948,0.4817018188385822,0.392268293973746,0.4715817260943207,0.6666666666666666,24.0,9.25,contested-sector-starved
LBY,106632000.0,16544824.0,,,4.0,7.2,1246000.0,1176000.0,,1056.0,6266000.0,0.0,781000.0,464000.0,,,,2.0,0.15515815139920475,0.8448418486007953,,,,,,0.3723916532905297,,,,,0.0,18.48489422164404,14.035449780897432,13.977630257780485,6.963189985870238,0.5867486452193029,0.7082650297329138,1.0,2.0,0.6036978462107188,,,,0.7089868193316469,,4.0,0.0,0.0,,0.36440951612773564,-0.00037982158791438625,,,13.0,3.2941176470588234,1.5,0.5892836249906221,0.3639558494354852,0.48721817876867995,0.371611893981073,0.430327489365621,0.3162527459031716,0.5,34.5,3.5,—
MDA,205507394.0,55151027.0,,2603813.0,3.0,4.3,139000.0,139000.0,,0.0,2389000.0,0.0,139000.0,,,,,0.0,0.26836517132809345,0.7316348286719065,,,,0.05338324987239867,0.05338324987239867,0.0,,,,,0.0,19.140992576654565,11.842236406331555,11.842236406331555,0.0,1.0,1.0,1.0,1.0,-1.000088900581841e-12,,,,0.7780063291139241,,2.0,0.0,0.45226701686664544,0.09440559440559447,0.0,0.0,,,0.0,1.0859375,1.5,,0.3776124782321994,0.41303579415129227,0.3330853840149658,0.48646830721197265,0.319801640545306,0.5,39.5,7.5,—
MEX,23304526.0,7021432.0,,132274416.0,3.0,5.6,1442000.0,1442000.0,,91.0,17291000.0,0.0,1442000.0,,,,,0.0,0.3012904875216085,0.6987095124783915,,,,0.010901579032486524,0.010901579032486524,0.0,,,,,0.0,16.964158191509206,14.181542290308068,14.181542290308068,4.5217885770490405,1.0,1.0,1.0,1.0,-1.000088900581841e-12,,,,0.7692094165376608,,3.0,0.0,0.0,,0.0,0.0,,,0.0,1.558918918918919,1.5,0.5645988169937178,0.37454073726173825,0.4075066604044622,0.3284777725592741,0.4827822180474193,0.31611555138075265,0.5,41.0,6.5,—
MLI,771314315.0,198676093.0,90052417.0,17907114.0,5.0,8.3,25569000.0,1183000.0,,1922.0,0.0,20231000.0,4756000.0,581000.0,0.0,0.0,0.0,0.0,0.25758123392277504,0.742418766077225,6.358943391824786,2.20622721320184,5.028862663185145,1.427868276261602,0.06606312999403477,0.022722828425045954,0.0,0.013136793429986448,0.0,0.0,18.315902480974767,20.463606521603232,17.056891277282404,13.983564988268704,7.56164174558878,0.19353732821001146,0.34886769613979246,0.6317658237461555,12.0,1.9063159357383512,0.31075049975987695,0.0029839108330503954,Transfert d’espèces à usages multiples,0.7074155193992491,0.2824679205776374,5.0,0.0,0.0,,0.08109188281843252,-0.08719904657495404,0.0,0.0,47.0,0.643284393692224,1.5,,0.48038986631017283,0.6399636547572315,0.546389381037896,0.47148536596355156,0.4772623076925114,1.0,14.5,10.25,contested-balanced
MMR,1412961603.0,402867644.0,821870806.0,,5.0,8.8,57000000.0,6107000.0,,7291.0,0.0,40800000.0,16200000.0,,,,,2.0,0.2851228534056633,0.7148771465943367,1.2290179327771378,0.49018366519275053,,,,0.0,,0.0074306082603449964,,,20.52709377156834,21.06895376688965,17.858561843342684,15.62494637595178,8.894533135798554,0.3138980968684773,0.43966149964418544,0.9011352872001347,9.0,1.3569664466830615,0.5387957074721821,0.02899625,Early Recovery,0.6863157894736842,0.0691878213951838,5.0,0.0,0.0,,0.15675408265832946,-0.16965116279069767,0.01892023314557239,,48.0,12.643892339544513,1.5,0.6110450156093498,0.5023928198071611,0.5815274078697504,0.5640200947910741,0.4787727180183773,0.5652989823977961,0.8333333333333334,12.5,8.75,contested-sector-starved
MOZ,682722983.0,159456565.0,24038928.0,35163992.0,4.0,7.1,901000.0,68000.0,341.0,279.0,34263000.0,201000.0,700000.0,,0.0,,,0.0,0.2335596852171593,0.7664403147828407,21.767460595580634,6.633264386831226,0.6836234065802312,0.025622801870731855,0.0019337963676024042,0.0,0.0,0.0028287451087669136,,,16.995185115890116,20.3415997481467,13.711261646467772,11.127277689932466,5.634789603169249,0.23635422342769408,0.3983807475177753,0.7390383319988014,11.0,1.715084567166808,0.331672473104951,0.031818545454545454,Camp Coordination / Management (CCCM),0.7874644522807417,,4.0,0.0,0.0,,0.1293768192685013,-0.18808841588211217,,,2.0,34.0,1.5,0.6189504213274531,0.5273481659206339,0.6291671875868559,0.6248458508225274,0.5167928802702991,0.5413196109719999,1.0,9.0,4.5,consensus-overlooked
MWI,57478430.0,23348178.0,,19809511.0,4.0,6.5,10045000.0,38000.0,,,8481000.0,6035000.0,4002000.0,8000.0,0.0,,,1.0,0.4062076504177306,0.5937923495822695,,,,0.5070796548183345,0.001918270471189319,0.0007964161274265803,0.0,,,,0.0,17.866920322351604,16.122585655783183,10.545367754151743,0.0,1.0,1.0,1.0,1.0,-1.000088900581841e-12,0.5699155916098065,0.014513658050512515,Water Sanitation Hygiene,0.49636186980459895,,4.0,0.0,0.0,,0.0,0.0,0.0,,0.0,0.09245742092457421,1.5,0.1753364523004546,0.572269381093633,0.515112140709199,0.5454095225885814,0.6107341592086234,0.6127123554160959,0.6666666666666666,7.5,12.0,contested-sector-starved
NER,603027582.0,157880071.0,32814602.0,26367847.0,4.0,7.2,11042000.0,596000.0,,814.0,8961000.0,7961000.0,2666000.0,415000.0,0.0,,,2.0,0.2618123543808316,0.7381876456191684,13.565531314382543,4.8112749013381295,1.2444930372965226,0.4187675997968283,0.0226032864951014,0.03758377105596812,0.0,0.01816264600740853,,,17.30638418769092,20.21747349659719,16.217216832389425,13.297997623898429,6.703188113240863,0.35329986597847785,0.5599638447423727,0.7885469331487758,10.0,1.459898640804433,0.2954186142523276,0.048759605445892945,Abris/NFI,0.5092836074588811,,4.0,0.0,0.0,,0.0,0.03758377105596812,,,14.0,0.6038500506585613,1.5,,0.4720998090616171,0.5739032124853073,0.5367109041477559,0.4834632421817055,0.47234644703475365,1.0,17.5,4.25,consensus-overlooked
NGA,910246471.0,287187820.0,141009941.0,216798930.0,5.0,8.3,21863000.0,602000.0,,1059.0,16638000.0,16342000.0,5521000.0,0.0,0.0,,,1.0,0.3155055571756235,0.6844944428243764,4.418544157819341,2.036649458636395,0.650418067100239,0.10084459365182291,0.0027767664720485473,0.0,0.0,0.004269202552180346,,,18.764340956494983,20.629225969154025,16.9003063139984,13.308014385419147,6.966024187106113,0.4441245590802214,0.6449748090586606,0.8382474467115417,11.0,1.3015884421359898,0.3401465277040757,0.02253559796193178,Camp Coordination and Camp Management,0.5154982987454871,0.06045238942134182,5.0,0.0,0.2886751345948129,-0.01048951048951048,0.011964107676969093,-0.03451333245763825,,,3.0,0.126710166280783,1.5,0.5658029303220194,0.4762707619230404,0.5847279419256829,0.509949928516585,0.4908925166832705,0.4676816292502087,1.0,18.5,3.25,consensus-overlooked
PAK,444460472.0,152628829.0,,207774520.0,4.0,8.0,20542000.0,1753000.0,57.0,5994.0,21225000.0,12709000.0,6584000.0,1249000.0,,,,1.0,0.34340248146971325,0.6565975185302868,,,,0.09886679078839888,0.008437030681144155,0.06080225878687567,,,,,0.0,19.912371684329784,16.837982177388636,14.376839734353865,8.698681067461614,0.19982334987170375,0.39274644934614755,0.6115383264336959,12.0,2.0160442360873607,0.4683680787660214,0.04660085073181643,Protection,0.516292767017023,0.008416182403026903,4.0,0.0,0.0,,0.10020032780914223,-0.2764922444238035,,,1.0,0.5008571428571429,0.4364963573183624,0.531751821340819,0.39359974169580775,0.47318990607026684,0.46744676781809874,0.37409875737127,0.46524231638894364,0.6666666666666666,29.0,9.0,contested-sector-starved
PAN,18812451.0,6190963.0,,4064445.0,2.0,4.0,81000.0,75000.0,,6.0,4519000.0,32000.0,49000.0,,,,,1.0,0.3290885913802513,0.6709114086197487,,,,0.01992892018467466,0.01845270387469876,0.0,,,,,0.0,16.750029548975096,11.302216779257382,11.225256725762893,1.9459101490553132,0.6543216517196841,0.7777783754359617,1.0,2.0,0.5297054503305805,,,,0.7901739130434783,,3.0,0.0,0.45226701686664544,-0.09440559440559418,0.0,0.0,,,0.0,0.16375545851528384,0.5311629516005119,-0.33109048444818184,0.2517332466980584,0.2996760709703326,0.2548448515781496,0.3327686506549046,0.2407023868032011,0.5,54.0,1.25,—
PER,284811689.0,26012073.0,,34038457.0,3.0,6.0,2669000.0,1825000.0,,2.0,22175000.0,615000.0,2054000.0,,,,,0.0,0.0913307775089245,0.9086692224910755,,,,0.07841130988986957,0.05361582635781639,0.0,,,,,0.0,19.46733878300803,14.797214803058752,14.417091092943783,1.0986122886681098,0.42839361285938904,0.5741356593908746,0.9736759331881685,4.0,1.0102168864509782,,,,0.7471260666559331,,3.0,0.0,0.5149286505444373,-0.12237762237762217,0.0,0.0,,,0.0,0.8889430102289333,1.5,0.7098209491755765,0.28135097888782185,0.3994284248303889,0.31642379859758046,0.3390218420989243,0.2681531731316434,0.5,46.5,1.5,—
PHL,16880751.0,25226748.0,,115377992.0,3.0,5.8,2336000.0,11000.0,735.0,89.0,5316000.0,2326000.0,11000.0,,,,,1.0,1.4944091053768875,0.0,,,,0.020246495536167763,9.533880603503655e-05,0.0,,,,,0.0,16.641684595902806,14.663951051012354,9.305741456739435,4.499809670330265,0.7875993478819531,0.8827428145783717,0.9999415092635479,4.0,0.42988301944249463,0.21544604573325482,0.4134780303030303,Camp Coordination / Management,0.6772768848817458,,3.0,0.0,0.38924947208076144,0.020979020979020928,0.0,0.0,,,0.0,0.4230769230769231,1.5,,0.20637108400198761,0.12857799186726296,0.11657578217449177,0.2548921690290859,0.1522641485886088,0.6666666666666666,56.0,0.25,consensus-overlooked
POL,206518173.0,20427437.0,,37563071.0,3.0,2.2,1000000.0,1000000.0,,0.0,36687000.0,0.0,1000000.0,0.0,0.0,,,0.0,0.09891350820733824,0.9010864917926618,,,,0.026621891484857562,0.026621891484857562,0.0,0.0,,,,0.0,19.145898976177968,13.815511557963774,13.815511557963774,0.0,,,,,,,,,0.7893862605142357,,3.0,0.0,0.0,,0.0,0.0,,,0.0,1.0482180293501049,0.17871535427072366,0.6606423228646384,,,,,,0.3333333333333333,,,—
PRY,4536485.0,137236.0,,7552654.0,,,,,,,,,,,,,,,0.03025161551289159,0.9697483844871084,,,,,,,,,,,0.0,15.327663261507482,0.0,0.0,0.0,,,,,,,,,,,,,,,,,,,,,0.26838730867621075,-0.19841916097653758,,,,,,0.16666666666666666,,,—
PSE,4073058682.0,2669213342.0,,5483450.0,5.0,8.5,2100000.0,2100000.0,11131.0,8539.0,0.0,0.0,1527000.0,571000.0,2000.0,,,2.0,0.6553338781481371,0.34466612185186285,,,,0.38297057509414695,0.38297057509414695,0.27285714285714285,0.0009523809523809524,,,,0.0,22.12766007331641,14.557448378884015,14.557448378884015,9.052516286782616,0.2657716816375672,0.4041763410713092,0.775653969914257,31.0,1.8663608794011861,0.31721488852354024,0.016813340209391965,Site Management,0.6904761904761905,0.017309952996814825,5.0,0.0,0.0,,0.10296495956873315,0.16989218328840971,,,14.0,1.0,1.5,0.6907224934881182,0.35377729040786726,0.4500376883201936,0.37636616237421566,0.3467756610786455,0.34330734044863875,0.6666666666666666,35.0,4.5,consensus-overlooked
ROU,82793005.0,6309682.0,,18983507.0,2.0,1.9,182000.0,182000.0,,0.0,19059000.0,0.0,182000.0,0.0,0.0,,,0.0,0.07621032718887302,0.923789672811127,,,,0.009587269623046995,0.009587269623046995,0.0,0.0,,,,0.0,18.23185414718878,12.111767460549332,12.111767460549332,0.0,1.0,1.0,1.0,1.0,-1.000088900581841e-12,,,,0.796216412868354,,2.0,0.0,0.0,,0.0,0.0,,,0.0,2.3333333333333335,0.1984319365030252,0.6507840317484876,0.3326119443274542,0.34870149978941756,0.2989179164911813,0.44913433319294505,0.299134333192945,0.5,48.0,12.5,—
RWA,82800885.0,17520140.0,,362793.0,3.0,4.9,138000.0,138000.0,,,2382000.0,0.0,138000.0,,,0.0,0.0,1.0,0.21159363212120258,0.7884063678787974,,,,0.3803822014206448,0.3803822014206448,0.0,,,,,0.0,18.23194931978133,11.835016210489899,11.835016210489899,0.0,0.6989302360522475,0.8234955999255577,1.0,3.0,0.5569722350094432,,,,0.7780952380952381,,3.0,0.0,0.0,,0.0,0.0,0.0,0.0,0.0,1.0147058823529411,1.5,,0.3259769855503876,0.40418789016255763,0.3229089312630694,0.40768651942609313,0.2914774424625425,0.5,43.5,3.0,—
SDN,4162518656.0,1645600872.0,888316487.0,47514529.0,5.0,9.6,51700000.0,13564000.0,,16518.0,0.0,18000000.0,15257000.0,16753000.0,1691000.0,,,2.0,0.3953377769557797,0.6046622230442202,2.8333570532953534,1.8524938983824129,18.695681209425437,1.0880882350743706,0.28547057679978266,0.3567504835589942,0.032707930367504835,0.015269332719251894,,,20.60483864286453,22.14938617440509,17.760968358821017,16.42292985595223,9.712266512555141,0.20764271838011736,0.37329919886444557,0.6727214501282082,26.0,2.109142648795125,0.3754679569418733,0.03265740050608922,Site Management,0.39505618846830814,0.09285466657405357,5.0,0.0,0.0,,0.3777263157894737,-0.020975832230479496,,,12.0,16.186157517899762,1.5,,0.5896943172207519,0.7469832779727886,0.632880497127306,0.5598331239384567,0.5918867076134432,1.0,2.5,3.5,consensus-sector-starved
SLV,66923449.0,18997234.0,12896989.0,6350969.0,3.0,5.7,5681000.0,304000.0,,6.0,719000.0,4862000.0,819000.0,0.0,0.0,,,0.0,0.2838651367176249,0.7161348632823751,3.7160778380131982,1.4729976120782922,2.0307120063095883,0.8945091686008859,0.04786671136325811,0.0,0.0,0.023571393291876113,,,16.37250450877211,18.01905998684847,15.552638007564596,12.624786269856633,1.9459101490553132,0.7993625485226271,0.8889461656745659,1.0,3.0,0.39622168877280184,0.46542222525954696,0.07542857142857143,Salud,0.6589375,,3.0,0.0,0.0,,0.0,0.0,,,19.0,4.164383561643835,1.5,,0.48767126775682473,0.4675362900613739,0.4945370949392936,0.5279170450471896,0.5339442082051262,1.0,15.0,14.0,contested-sector-starved
SOM,1430543255.0,410716931.0,94449419.0,12327528.0,5.0,8.6,47000.0,47000.0,,,2694000.0,0.0,47000.0,,,,,1.0,0.28710556605993715,0.7128944339400629,10.797592349403441,4.348538459511328,7.661667367537109,0.0038126054144837474,0.0038126054144837474,0.0,,0.0004976208482552973,,,18.363575011077693,21.081320108375458,10.757924157061597,10.757924157061597,0.0,0.49403812810614894,0.6894166038225138,0.84499631914271,11.0,1.1752130267796992,0.26311412202618834,0.13560625794179826,Shelter and NFIs,0.7931411893469537,,5.0,0.0,0.0,,0.13226666666666667,-0.26453333333333334,,,13.0,0.008781763826606876,1.5,0.6722631250000002,0.5764869674236278,0.7083460161621579,0.6032600265868446,0.5960292950840376,0.5303625859491763,1.0,5.5,4.0,consensus-overlooked
SSD,1694778653.0,780115255.0,170875016.0,12394970.0,5.0,9.3,1343000.0,1343000.0,,,13057000.0,0.0,1343000.0,,,,,1.0,0.4603050986151405,0.5396949013848595,5.352821140335695,4.565414378659078,13.785835383224,0.10835040342977836,0.10835040342977836,0.0,,0.007859545716150803,,,18.956442952496314,21.2508179816409,14.110417220106736,14.110417220106736,0.0,0.31964704768780433,0.5195536781484109,0.8029688961336647,12.0,1.5902496091986194,0.29862188241569765,0.05461048198267996,Camp Coordination and Camp Management,0.7626944444444445,0.04840327745353292,5.0,0.0,0.0,,0.15589016829052257,-0.3215299816268582,,,26.0,1.108085808580858,1.5,,0.5480808402838443,0.6921115990297614,0.5750088943073142,0.5406288322822599,0.5199029945997691,1.0,9.0,1.75,consensus-overlooked
SYR,3186585280.0,1354411981.0,,,5.0,8.9,26295000.0,14007000.0,,1600.0,0.0,9824000.0,7093000.0,9378000.0,0.0,,,1.0,0.4250355355309995,0.5749644644690005,,,,,,0.3566457501426127,0.0,,,,0.0,21.882215735580328,17.084889403035625,16.455067834014056,7.3783837129967145,0.17881910865113412,0.36130688851217535,0.6185172125284477,31.0,2.2636683207897326,0.40559561201080496,0.08741827780547252,Nutrition,0.44154401977562274,0.036668844533345554,5.0,0.0,0.0,,0.3617087766308782,-0.001977576817234372,,,30.0,1.033345628919218,1.5,,0.4117122955796758,0.5297176638828994,0.4729208228449107,0.39188369432390374,0.44210090610315167,0.6666666666666666,24.0,6.0,contested-sector-starved
TCD,1454258243.0,456327625.0,55353018.0,18033749.0,5.0,8.2,1298000.0,1298000.0,,6.0,1822000.0,0.0,1298000.0,,,,,0.0,0.3137872019612132,0.6862127980387869,18.028477110317635,8.243952028053828,3.069412688398846,0.07197615981014265,0.07197615981014265,0.0,,0.02344948924013502,,,17.829241759443565,21.097761809640573,14.0763359466619,14.0763359466619,1.9459101490553132,0.17688381543104825,0.34950390555605154,0.6001527054777613,18.0,2.178111209606966,0.26530182485889586,0.19728590745811284,Nutrition,0.6335897435897436,,4.0,1.0,0.3892494720807615,0.06993006993006999,0.01443119954946499,-0.08918995201806379,,,182.0,9.271428571428572,1.5,0.6371420314013994,0.5318667054790972,0.6880467718071637,0.6148038568313681,0.5194041145071537,0.5078588394856014,1.0,9.5,7.75,contested-balanced
TTO,19461087.0,829917.0,,1328022.0,2.0,3.0,32000.0,27000.0,,0.0,1468000.0,9000.0,24000.0,,,,,0.0,0.042644945783347044,0.9573550542166529,,,,0.02409598636167172,0.020330988492660514,0.0,,,,,0.0,16.78392754271732,10.373522431293592,10.203629181337648,0.0,1.0,1.0,1.0,1.0,-1.000088900581841e-12,,,,0.7888074616922052,,2.0,0.0,0.0,,0.0,0.0,,,0.0,0.75,0.05650686418492451,-0.06695452715828891,0.33316430453057366,0.3496957481550325,0.2997464567958605,0.44979716543668835,0.2997971654366884,0.5,47.0,12.5,—
TUR,740852304.0,43152032.0,,85279553.0,4.0,6.9,1479000.0,1479000.0,,36.0,14924000.0,0.0,1479000.0,,,,,1.0,0.058246470675752934,0.941753529324247,,,,0.017342961448214907,0.017342961448214907,0.0,,,,,0.0,20.42331184490526,14.20687741782523,14.20687741782523,3.6109179126442243,0.46074460955361907,0.5720110116884126,0.9711654477335685,5.0,0.9294160044425744,,,,0.7639334268121685,,4.0,0.0,0.0,,0.0,0.0,,,0.0,1.0732946298984034,1.5,,0.3436484949486151,0.4858608802711728,0.36930761391385514,0.39891947606560507,0.3059622963504711,0.5,36.5,3.75,—
TZA,101942760.0,12647527.0,,58552845.0,3.0,5.5,1201000.0,75000.0,,,3632000.0,959000.0,242000.0,0.0,0.0,,,2.0,0.12406498509555755,0.8759350149044425,,,,0.02051138591130798,0.001280894207617068,0.0,0.0,,,,0.0,18.439922047068933,13.998665933701242,11.225256725762893,0.0,0.325803619673171,0.45836904650509963,0.8780621315617104,5.0,1.2924255724528875,,,,0.6805710738671632,,3.0,0.0,0.0,,0.0,0.0,,,0.0,1.0,1.5,,0.2611697596143533,0.39175806788573797,0.3090766398854516,0.30907321142124355,0.2553980451025181,0.5,49.0,2.75,—
UGA,827097654.0,143774251.0,,46210758.0,3.0,5.9,1987000.0,1987000.0,,,6331000.0,1275000.0,696000.0,16000.0,0.0,,,1.0,0.17382983775214528,0.8261701622478548,,,,0.04299864546692785,0.04299864546692785,0.00805234021137393,0.0,,,,0.0,20.533433329450766,14.50213702480509,14.50213702480509,0.0,0.5780980283880721,0.72953300982001,0.9956487052758844,5.0,0.7517280595714125,,,,0.6694397691752825,,4.0,-1.0,0.38924947208076144,-0.06993006993006978,0.0,0.00805234021137393,,,0.0,1.0857923497267759,0.2003166859423833,0.6498416570288085,0.3058133876943861,0.4016447383953018,0.31966459397790464,0.37673993712418197,0.2807816547847594,0.5,44.5,2.25,—
UKR,2633534010.0,1699330658.0,224408070.0,,5.0,9.2,12800000.0,14041000.0,4756.0,1337.0,25768000.0,1900000.0,6800000.0,2700000.0,1400000.0,,,2.0,0.645266266373374,0.35473373362662597,4.162966830916553,7.572502441645704,,,,0.3203125,0.109375,0.06256905110408909,,,19.22897669798919,21.691592511556554,16.36495580701484,16.457492250316776,7.198931240688173,0.1578551833896871,0.3007629833484447,0.6141401648231866,33.0,2.3440905998748756,0.3129120878108401,0.22388592801332283,"Water, Sanitation & Hygiene",0.5562746318191246,0.10782548071860418,5.0,0.0,0.2886751345948129,-0.01048951048951048,0.2960736196319018,0.0,,,36.0,0.94641412779725,1.5,,0.3580968345190634,0.4689090378051406,0.4002938758149005,0.3397399030314172,0.3524535783769871,0.8333333333333334,32.5,6.25,contested-balanced
URY,9861588.0,153600.0,,3566539.0,,,,,,,,,,,,,,,0.015575584784113876,0.9844244152158861,,,,,,,,,,,0.0,16.10415786978117,0.0,0.0,0.0,,,,,,,,,,,,,,,,,,,,,0.015575584784113876,-0.22829713782382174,,,,,,0.16666666666666666,,,—
VEN,606497714.0,122270318.0,78282900.0,27225775.0,4.0,7.5,19665000.0,7140000.0,,267.0,8835000.0,11721000.0,7944000.0,,0.0,,,2.0,0.2016006246645144,0.7983993753354857,6.185608811119669,1.5619032764499017,2.8753231083412687,0.7222934884314588,0.26225148779052204,0.0,0.0,0.09120765837750007,,,18.17583975907987,20.223211518822733,16.794351014699814,15.78122347437178,5.5909869805108565,0.505323416517785,0.6535294099053554,0.9696385255201441,6.0,0.892479810674447,0.2577676902331748,0.05806025038543799,"Alojamiento, energía y enseres",0.4530105263157895,,4.0,0.0,0.0,,0.05695491737526071,-0.05695491737526071,,,9.0,0.9272727272727272,1.5,0.6792905438856159,0.4462260877713596,0.5505555792714367,0.4770235428722804,0.4826861218298857,0.4294286724904078,1.0,23.0,3.25,consensus-overlooked
VNM,72255405.0,13914032.0,,100768914.0,3.0,2.9,3600000.0,130000.0,1978.0,323.0,41800000.0,3030000.0,570000.0,,,,,1.0,0.19256735188184193,0.8074326481181581,,,,0.03572530314259415,0.0012900803912603445,0.0,,,,,0.0,18.095717705687086,15.096444681204078,11.775297421715827,5.780743515792329,0.40770131320239644,0.4486679602884169,1.0,3.0,0.9643824444106983,0.5215851682058874,0.008695652173913044,Protection,0.7632599118942731,,3.0,0.0,0.0,,0.0,0.0,,,0.0,,0.21213586720605884,0.6439320663969706,0.40958633289339735,0.43112821075146196,0.4724199717429929,0.4097868139951881,0.5063090216470414,0.6666666666666666,29.5,14.0,contested-sector-starved
YEM,2478772922.0,718350559.0,448979898.0,,5.0,9.2,387000.0,387000.0,,64.0,17443000.0,0.0,0.0,387000.0,0.0,,,1.0,0.2898008739019136,0.7101991260980864,3.9209380438676122,1.5999615176535142,,,,1.0,0.0,0.0008619539576803058,,,19.92248867633023,21.63102948556187,12.866182555987908,12.866182555987908,4.174387269895637,0.295730384086768,0.4978094220500201,0.7664636370533537,22.0,1.7058350069901955,0.3821797356580373,0.007589878518532771,Rapid Response Mechanism (RRM),0.7913180033651149,0.030779952386754156,5.0,0.0,0.0,,0.4072494669509595,0.7315270935960592,,,138.0,0.0751164596273292,1.5,0.6835194823630361,0.4626551410840345,0.5820518943663596,0.5192474964230137,0.45817429483511196,0.4784351727715075,0.8333333333333334,16.5,4.75,consensus-sector-starved
ZMB,123986655.0,27501444.0,,17426623.0,4.0,6.4,6617000.0,202000.0,,,3457000.0,4916000.0,1691000.0,10000.0,0.0,,,1.0,0.22180971008533137,0.7781902899146687,,,,0.37970638373252236,0.011591459802624984,0.001511258878645912,0.0,,,,0.0,18.6356845048754,15.705152804120074,12.216027926866138,0.0,0.7015080904572923,0.8254377976555956,1.0,3.0,0.5540743240172823,0.37224020491313753,0.04215998035829242,Nutrition,0.5272582886638872,,4.0,0.0,0.28867513459481287,-0.01048951048951036,0.009591933168542665,0.0,,,0.0,1.0,1.5,0.5754700838570088,0.46282219112486855,0.5108343532557638,0.46980972441768426,0.5064628371580613,0.4709856068363505,0.6666666666666666,23.0,5.5,consensus-sector-starved
ZWE,143095554.0,21654568.0,,2141478.0,4.0,7.1,17128000.0,189000.0,,2.0,0.0,9528000.0,7600000.0,,,,,2.0,0.15132942565077878,0.8486705743492212,,,,7.998214317401346,0.08825680207781729,0.0,,,,,0.0,18.77902318184997,16.656225167635586,12.149507585033072,1.0986122886681098,0.9278431082599723,0.9625165447094689,1.0,2.0,0.15986226074266677,0.6031062234237476,0.01424201012223971,Protection,0.6225128444652032,,4.0,0.0,0.0,,0.0,0.0,,,0.0,0.8873239436619719,1.5,,0.5943251964816831,0.5566071652738035,0.5909452440079437,0.625825873456665,0.654585627087396,0.6666666666666666,5.0,8.75,contested-sector-starved
ARM,,,,2963251.0,3.0,2.1,210000.0,115000.0,2.0,0.0,1970000.0,0.0,210000.0,0.0,0.0,,,0.0,,,,,,0.0708681107337853,0.03880872730659671,0.0,0.0,,,,0.0,0.0,12.25486757159303,11.652696102959753,0.0,1.0,1.0,1.0,1.0,-1.000088900581841e-12,,,,0.7614678899082569,,3.0,0.0,0.0,,0.0,0.0,,,0.0,0.7666666666666667,,,,,,,,0.3333333333333333,,,—
AZE,,,,9898100.0,2.0,1.6,206000.0,142000.0,248.0,2.0,689000.0,201000.0,5000.0,0.0,0.0,,,1.0,,,,,,0.02081207504470555,0.014346187652175671,0.0,0.0,,,,0.0,0.0,12.235636302128867,11.863589378812122,1.0986122886681098,,,,,,,,,0.7056983240223463,,2.0,0.0,0.5149286505444373,-0.12237762237762237,0.0,0.0,,,0.0,1.4059405940594059,,,,,,,,0.16666666666666666,,,—
BEN,,,,14697052.0,3.0,4.3,290000.0,27000.0,,16.0,2153000.0,185000.0,96000.0,9000.0,0.0,,,0.0,,,,,,0.019731848264536316,0.0018371031142844158,0.03103448275862069,0.0,,,,0.0,0.0,12.577639650232573,10.203629181337648,2.833213344056216,0.5486062436061591,0.6721226571750601,1.0,3.0,0.6999040493678064,,,,0.7338518215309047,,3.0,0.0,0.0,,0.0,0.03103448275862069,,,0.0,0.8181818181818182,1.5,,,,,,,0.3333333333333333,,,—
CIV,,,,25899058.0,3.0,4.3,83000.0,83000.0,,,418000.0,0.0,83000.0,,,,,0.0,,,,,,0.003204749763485606,0.003204749763485606,0.0,,,,,0.0,0.0,11.326607934898927,11.326607934898927,0.0,0.6253788879975388,0.7503786013196203,1.0,2.0,0.5619188261885932,,,,0.7337325349301397,,3.0,0.0,0.0,,0.0,0.0,,,0.0,,1.5,,,,,,,0.3333333333333333,,,—
ERI,,,,2908795.0,3.0,5.9,1100000.0,686000.0,0.0,1.0,2436000.0,0.0,1100000.0,,,,,1.0,,,,,,0.37816346631508924,0.23583648899286475,0.0,,,,,0.0,0.0,13.910821646859095,13.438634364432907,0.6931471805599453,,,,,,,,,0.6755656108597285,,3.0,0.0,0.0,,0.0,0.0,,,0.0,0.9913294797687862,1.5,,,,,,,0.16666666666666666,,,—
FJI,,,,884887.0,2.0,1.4,93000.0,1000.0,,4.0,797000.0,80000.0,13000.0,0.0,0.0,0.0,0.0,1.0,,,,,,0.10509816507644479,0.0011300877965209116,0.0,0.0,,,,0.0,0.0,11.440365524765756,6.90875477931522,1.6094379124341003,1.0,1.0,1.0,1.0,-1.000088900581841e-12,,,,0.7523595505617977,,2.0,0.0,0.0,,0.0,0.0,0.0,0.0,0.0,,1.5,,,,,,,0.3333333333333333,,,—
GHA,,,,30832019.0,3.0,2.6,2642000.0,,,,3800000.0,1656000.0,865000.0,120000.0,0.0,,,0.0,,,,,,0.08569013920236622,,0.045420136260408785,0.0,,,,0.0,0.0,14.787047142565472,0.0,0.0,0.9852015723161887,0.9925452122984186,1.0,2.0,0.04394718205148912,,,,0.567365315944729,,3.0,0.0,0.0,,0.045420136260408785,0.0,,,0.0,,1.5,,,,,,,0.3333333333333333,,,—
HUN,,,,9743681.0,2.0,1.5,64000.0,64000.0,,0.0,9592000.0,0.0,64000.0,0.0,0.0,,,0.0,,,,,,0.006568359534758989,0.006568359534758989,0.0,0.0,,,,0.0,0.0,11.06665398721974,11.06665398721974,0.0,,,,,,,,,0.7973487986743993,,2.0,0.0,0.0,,0.0,0.0,,,0.0,1.0847457627118644,,,,,,,,0.16666666666666666,,,—
IDN,,,,269603430.0,3.0,5.6,3384000.0,107000.0,7629.0,1222.0,216825000.0,3277000.0,107000.0,,0.0,,,0.0,,,,,,0.012551769092848707,0.0003968792236804999,0.0,0.0,,,,0.0,0.0,15.034569295216482,11.580593459194764,7.109062135687172,0.9576817919724416,0.9783731764911373,1.0,2.0,0.10430462749822766,,,,0.7936587514588413,,3.0,0.0,0.0,,0.0,0.0,,,0.0,1.07,1.5,,,,,,,0.3333333333333333,,,—
IRQ,,,,41190658.0,4.0,6.7,5952000.0,5952000.0,,0.0,39276000.0,3138000.0,2155000.0,658000.0,,1500000.0,300000.0,1.0,,,,,,0.14449878416606018,0.14449878416606018,0.1105510752688172,,,,,0.0,0.0,15.599238023505803,15.599238023505803,0.0,0.6830869098280656,0.807703881021197,0.9917485556245077,4.0,0.5603127936511132,,,,0.716669246246711,,3.5,0.0,0.28867513459481287,0.038461538461538713,0.11033730491693237,0.0,0.05034401745259272,0.0,57.0,19.774086378737543,1.5,,,,,,,0.3333333333333333,,,—
JAM,,,,2697983.0,3.0,5.2,739000.0,279000.0,340.0,45.0,2100000.0,380000.0,359000.0,,,,,0.0,,,,,,0.27390832336601084,0.10341058487025308,0.0,,,,,0.0,0.0,13.513054553109397,12.53897064502647,3.828641396489095,0.4427542554083139,0.47873554890789893,1.0,3.0,0.8854238315455709,,,,0.6452976400140895,,3.0,0.0,0.0,,0.0,0.0,,,0.0,,,,,,,,,0.3333333333333333,,,—
KHM,,,,17336307.0,2.0,3.9,48000.0,48000.0,79.0,18.0,3244000.0,0.0,48000.0,,,,,1.0,,,,,,0.002768755767880668,0.002768755767880668,0.0,,,,,0.0,0.0,10.778977123006351,10.778977123006351,2.9444389791664403,0.825641530690908,0.904827821083115,1.0,3.0,0.35220036313573533,,,,0.7941676792223572,,3.0,,0.5773502691896258,-0.5,0.0,,,,0.0,,,,,,,,,0.3333333333333333,,,—
LAO,,,,7631798.0,3.0,2.1,319000.0,0.0,25.0,11.0,2862000.0,227000.0,92000.0,,,,,1.0,,,,,,0.041798800230299596,0.0,0.0,,,,,0.0,0.0,12.672949516558306,0.0,2.4849066497880004,,,,,,,,,0.7483181389500158,,2.0,0.0,0.5175491695067657,0.17857142857142852,0.0,0.0,,,0.0,,1.5,,,,,,,0.16666666666666666,,,—
LKA,,,,22037001.0,4.0,6.2,2200000.0,153000.0,,680.0,19580000.0,1000000.0,1200000.0,,,,,0.0,,,,,,0.09983209602794862,0.006942868496489155,0.0,,,,,0.0,0.0,14.603968372873895,11.938199736300925,6.523562306149512,0.19161321456987146,0.2584530426500926,0.673762632675615,7.0,1.7539823496486198,,,,0.7412304866850321,,3.5,0.0,0.8876253645985945,0.16783216783216776,0.0,0.0,,,11.0,,1.5,-5.22501634801881e-17,,,,,,0.3333333333333333,,,—
LSO,,,,2090482.0,3.0,4.7,926000.0,,,,590000.0,592000.0,334000.0,0.0,0.0,,,0.0,,,,,,0.4429600446212883,,0.0,0.0,,,,0.0,0.0,13.738630593541341,0.0,0.0,1.0,1.0,1.0,1.0,-1.000088900581841e-12,,,,0.46807387862796834,,3.0,0.0,0.0,,0.0,0.0,,,0.0,,1.5,,,,,,,0.3333333333333333,,,—
MDG,,,,26696210.0,3.0,5.8,681000.0,60000.0,811.0,73.0,13723000.0,195000.0,486000.0,,,,,0.0,,,,,,0.02550923895189617,0.00224751003981464,0.0,,,,,0.0,0.0,13.431319053559353,11.002116507732017,4.30406509320417,0.9379231035036999,0.9679332770298026,1.0,2.0,0.14185448950601248,,,,0.7756734240488753,,3.0,0.0,0.0,,0.011582196853611195,-0.011378205128205128,,,4.0,6.0,1.5,3.233365209449328e-16,,,,,,0.3333333333333333,,,—
MNG,,,,3279403.0,3.0,2.3,545000.0,0.0,0.0,0.0,348000.0,345000.0,123000.0,77000.0,,,,0.0,,,,,,0.16618878497092307,0.0,0.14128440366972478,,,,,0.0,0.0,13.208542908506082,0.0,0.0,,,,,,,,,0.4318029115341545,,3.0,0.0,0.30151134457776363,7.470820066174051e-18,0.08648255813953488,0.0,,,0.0,,1.5,0.3871995527020737,,,,,,0.16666666666666666,,,—
MRT,,,,4372038.0,4.0,6.1,2234000.0,180000.0,,0.0,3178000.0,1337000.0,845000.0,52000.0,0.0,,,0.0,,,,,,0.510974515775023,0.041170730903985736,0.023276633840644583,0.0,,,,0.0,0.0,14.619304706238756,12.100717685412471,0.0,0.5046660177782321,0.5483012307205107,1.0,2.0,0.6884738783129244,,,,0.5647450110864745,,3.0,1.0,0.28867513459481287,0.038461538461538644,0.00816144862166724,0.015139201652579483,,,0.0,1.0714285714285714,1.5,,,,,,,0.3333333333333333,,,—
MYS,,,,16805800.0,2.0,4.0,216000.0,216000.0,,0.0,11084000.0,0.0,216000.0,,,,,0.0,,,,,,0.012852705613538183,0.012852705613538183,0.0,,,,,0.0,0.0,12.283038316285214,12.283038316285214,0.0,1.0,1.0,1.0,1.0,-1.000088900581841e-12,,,,0.7923539823008849,,2.0,0.0,0.0,,0.0,0.0,,,0.0,1.1191709844559585,,,,,,,,0.3333333333333333,,,—
NAM,,,,2777232.0,3.0,5.5,1865000.0,1000.0,,,1157000.0,1253000.0,612000.0,0.0,0.0,,,1.0,,,,,,0.6715319425960813,0.0003600707467003117,0.0,0.0,,,,0.0,0.0,14.438772147252939,6.90875477931522,0.0,0.9248366791256741,0.9608886411735887,1.0,2.0,0.16510964211960383,,,,0.4848444738583719,,3.0,0.0,0.0,,0.003102086858432036,0.0,,,0.0,,1.5,,,,,,,0.3333333333333333,,,—
NIC,,,,6595672.0,3.0,2.5,6824000.0,210000.0,,3.0,0.0,6574000.0,250000.0,,,,,2.0,,,,,,1.0346178524341416,0.03183906052332499,0.0,,,,,0.0,0.0,15.735956514695259,12.25486757159303,1.3862943611198906,0.5184108689146848,0.5959449553511929,1.0,2.0,0.6746216272002181,,,,0.7853458382180539,,2.0,1.0,0.31622776601683794,0.054545454545454626,0.0,0.0,,,0.0,,1.5,,,,,,,0.3333333333333333,,,—
NPL,,,,30899443.0,3.0,2.5,2590000.0,47000.0,178.0,249.0,20568000.0,2398000.0,192000.0,,,,,1.0,,,,,,0.0838202811617025,0.0015210630172200839,0.0,,,,,0.0,0.0,14.767168819776032,10.757924157061597,5.521460917862246,0.5953685913379947,0.7501609436206313,1.0,3.0,0.7296166143870191,,,,0.7519474911477675,,3.0,0.0,0.0,,0.0,0.0,,,0.0,,1.5,,,,,,,0.3333333333333333,,,—
PNG,,,,7275324.0,2.0,3.6,490000.0,10000.0,,54.0,3144000.0,480000.0,10000.0,,,,,1.0,,,,,,0.06735095234246612,0.0013745092314789004,0.0,,,,,0.0,0.0,13.102162710901053,9.210440366976517,4.007333185232471,1.0,1.0,1.0,1.0,-1.000088900581841e-12,,,,0.7449642267473858,,2.0,0.0,0.28867513459481287,-0.03846153846153848,0.0,0.0,,,3.0,0.4,,,,,,,,0.3333333333333333,,,—
PRK,,,,23275627.0,4.0,3.8,26606000.0,34000.0,,1.0,0.0,14806000.0,11800000.0,,,,,1.0,,,,,,1.1430841368956461,0.0014607554932891819,0.0,,,,,0.0,0.0,17.096647349811494,10.434145214930487,0.6931471805599453,1.0,1.0,1.0,1.0,-1.000088900581841e-12,,,,0.6225964068255281,,4.0,0.0,0.38924947208076155,-0.055944055944055916,0.0,0.0,,,57.0,0.6938775510204082,1.5,,,,,,,0.3333333333333333,,,—
SEN,,,,17738795.0,3.0,2.5,2935000.0,,,,16639000.0,2431000.0,491000.0,13000.0,0.0,,,0.0,,,,,,0.1654565600425508,,0.004429301533219762,0.0,,,,0.0,0.0,14.892218351959778,0.0,0.0,0.721876270523513,0.839471877902047,1.0,3.0,0.5234456686866412,,,,0.7294574435475631,,3.0,0.0,0.28867513459481287,-0.010489510489510344,0.01626303694537741,-0.011833735412157648,0.0,,0.0,,1.5,,,,,,,0.3333333333333333,,,—
SVK,,,,5449270.0,2.0,1.7,133000.0,133000.0,,0.0,5427000.0,0.0,133000.0,0.0,0.0,,,0.0,,,,,,0.024406938911083503,0.024406938911083503,0.0,0.0,,,,0.0,0.0,11.798111925972618,11.798111925972618,0.0,,,,,,,,,0.790431654676259,,2.0,0.0,0.0,,0.0,0.0,,,0.0,1.1083333333333334,,,,,,,,0.16666666666666666,,,—
SWZ,,,,1174018.0,3.0,4.9,759000.0,0.0,,,461000.0,500000.0,244000.0,14000.0,0.0,,,1.0,,,,,,0.6464977538674875,0.0,0.01844532279314888,0.0,,,,0.0,0.0,13.539758373899955,0.0,0.0,,,,,,,,,0.4748154224774405,,3.0,0.0,0.0,,0.01844532279314888,0.0,,,0.0,,1.5,,,,,,,0.16666666666666666,,,—
TGO,,,,8020081.0,3.0,4.3,453000.0,10000.0,,6.0,799000.0,311000.0,142000.0,0.0,0.0,,,1.0,,,,,,0.056483220057253786,0.001246870199939377,0.0,0.0,,,,0.0,0.0,13.023649611968253,9.210440366976517,1.9459101490553132,0.3372865825228051,0.48666255323729174,0.8843164585532992,4.0,1.2218731120982123,,,,0.6099041533546325,,3.0,0.0,0.0,,0.0,0.0,,,0.0,0.1724137931034483,1.5,,,,,,,0.3333333333333333,,,—
THA,,,,69394762.0,3.0,5.6,437000.0,437000.0,6.0,21.0,2155000.0,0.0,437000.0,,,,,1.0,,,,,,0.0062973052634721915,0.0062973052634721915,0.0,,,,,0.0,0.0,12.987690762404629,12.987690762404629,3.091042453358316,0.5212902307887428,0.6983377665411322,0.9307132051068212,4.0,0.9280007787534027,,,,0.7325617283950617,,3.0,0.0,0.0,,0.0,0.0,,,0.0,3.440944881889764,,,,,,,,0.3333333333333333,,,—
TLS,,,,1336215.0,2.0,2.0,858000.0,0.0,0.0,0.0,561000.0,494000.0,342000.0,22000.0,0.0,,,0.0,,,,,,0.6421122349322527,0.0,0.02564102564102564,0.0,,,,0.0,0.0,13.662360543970586,0.0,0.0,,,,,,,,,0.4493305144467935,,2.0,0.0,0.0,,0.02564102564102564,0.0,,,0.0,,1.5,,,,,,,0.16666666666666666,,,—
TON,,,,301.0,2.0,1.2,85000.0,0.0,0.0,0.0,20000.0,85000.0,0.0,0.0,0.0,,,1.0,,,,,,282.3920265780731,0.0,0.0,0.0,,,,0.0,0.0,11.350418300109132,0.0,0.0,,,,,,,,,0.7238095238095238,,2.0,0.0,0.0,,0.0,0.0,,,0.0,,,,,,,,,0.16666666666666666,,,—
TUN,,,,11852020.0,2.0,3.7,40000.0,40000.0,,1054.0,4051000.0,0.0,40000.0,,,,,2.0,,,,,,0.003374952117866828,0.003374952117866828,0.0,,,,,0.0,0.0,10.596659732783579,10.596659732783579,6.961296045910167,0.9772989232542262,0.9885176164961844,1.0,2.0,0.0627073401121081,,,,0.7960889758005377,,2.0,0.0,0.0,,0.0,0.0,,,0.0,1.1111111111111112,1.5,,,,,,,0.3333333333333333,,,—
VCT,,,,103938.0,2.0,1.6,20000.0,13000.0,0.0,0.0,17000.0,7000.0,13000.0,0.0,0.0,0.0,0.0,1.0,,,,,,0.1924224056649156,0.12507456368219516,0.0,0.0,,,,0.0,0.0,9.90353755128617,9.472781556562168,0.0,1.0,1.0,1.0,1.0,-1.000088900581841e-12,,,,0.5081081081081081,,2.0,0.0,0.0,,0.0,0.0,0.0,0.0,0.0,,1.5,,,,,,,0.3333333333333333,,,—
VUT,,,,300043.0,3.0,2.3,251000.0,5000.0,,,83000.0,101000.0,118000.0,32000.0,0.0,,,0.0,,,,,,0.836546761630833,0.016664278120136114,0.12749003984063745,0.0,,,,0.0,0.0,12.433212202169729,8.517393171418904,0.0,1.0,1.0,1.0,1.0,-1.000088900581841e-12,,,,0.3652694610778443,,3.0,0.0,0.48304589153964794,0.12727272727272748,0.12749003984063745,0.0,,,1.0,0.2777777777777778,1.5,,,,,,,0.3333333333333333,,,—
BLR,,,,,2.0,3.4,40000.0,40000.0,,0.0,9134000.0,0.0,40000.0,,,,,2.0,,,,,,,,0.0,,,,,0.0,0.0,10.596659732783579,10.596659732783579,0.0,,,,,,,,,0.7982559407019839,,2.0,0.0,0.0,,0.0,0.0,,,0.0,0.8888888888888888,,,,,,,,0.16666666666666666,,,—
DZA,,,,,3.0,5.6,446000.0,446000.0,,1351.0,47397000.0,0.0,435000.0,11000.0,,,,2.0,,,,,,,,0.02466367713004484,,,,,0.0,0.0,13.008076473152153,13.008076473152153,7.20934025660291,0.5929307989998764,0.7238648718388796,1.0,3.0,0.6444164788839131,,,,0.7961791693664695,,3.0,0.0,0.0,,0.02466367713004484,0.0,0.0,,0.0,1.6397058823529411,,,,,,,,0.3333333333333333,,,—
ESP,,,,,2.0,3.5,89000.0,89000.0,,297.0,12097000.0,0.0,89000.0,0.0,0.0,,,0.0,,,,,,,,0.0,0.0,,,,0.0,0.0,11.39640288460621,11.39640288460621,5.697093486505405,,,,,,,,,0.7970786148038733,,2.0,0.0,0.0,,0.0,0.0,,,0.0,1.2191780821917808,,,,,,,,0.16666666666666666,,,—
EST,,,,,2.0,1.2,43000.0,43000.0,,0.0,1370000.0,0.0,43000.0,0.0,0.0,,,0.0,,,,,,,,0.0,0.0,,,,0.0,0.0,10.668978650219241,10.668978650219241,0.0,,,,,,,,,0.7878273177636235,,2.0,0.0,0.0,,0.0,0.0,,,0.0,1.1944444444444444,,,,,,,,0.16666666666666666,,,—
GMB,,,,,2.0,1.4,44000.0,0.0,,1.0,2448000.0,0.0,38000.0,6000.0,0.0,,,0.0,,,,,,,,0.13636363636363635,0.0,,,,0.0,0.0,10.691967639914864,0.0,0.6931471805599453,,,,,,,,,0.7919743178170144,,2.0,0.0,0.0,,0.13636363636363635,0.0,,,0.0,,1.5,,,,,,,0.16666666666666666,,,—
GRC,,,,,3.0,4.5,160000.0,160000.0,,99.0,1016000.0,36000.0,124000.0,,,,,1.0,,,,,,,,0.0,,,,,0.0,0.0,11.982935344196433,11.982935344196433,4.605170185988092,,,,,,,,,0.7333333333333333,,3.0,0.0,0.0,,0.0,0.0,,,0.0,0.6694560669456067,1.5,,,,,,,0.16666666666666666,,,—
IND,,,,,3.0,5.4,17000.0,15000.0,63.0,44.0,15974000.0,17000.0,,,,,,1.0,,,,,,,,0.0,,,,,0.0,0.0,9.741027444837728,9.61587214452889,3.8066624897703196,0.4972345698866204,0.5846565940531359,1.0,3.0,0.7639789238451049,,,,0.7995747608029516,,3.0,0.0,0.0,,0.0,0.0,,,0.0,1.0,,,,,,,,0.3333333333333333,,,—
ITA,,,,,2.0,3.9,132000.0,132000.0,,1054.0,13247000.0,0.0,132000.0,,,,,0.0,,,,,,,,0.0,,,,,0.0,0.0,11.790564777297387,11.790564777297387,6.961296045910167,,,,,,,,,0.7960535167052843,,2.0,0.0,0.0,,0.0,0.0,,,0.0,1.7837837837837838,,,,,,,,0.16666666666666666,,,—
LTU,,,,,2.0,1.3,44000.0,44000.0,,0.0,2872000.0,0.0,44000.0,0.0,0.0,,,0.0,,,,,,,,0.0,0.0,,,,0.0,0.0,10.691967639914864,10.691967639914864,0.0,,,,,,,,,0.7939643347050754,,2.0,0.0,0.0,,0.0,0.0,,,0.0,1.0476190476190477,,,,,,,,0.16666666666666666,,,—
LVA,,,,,2.0,1.3,49000.0,49000.0,,0.0,1877000.0,0.0,49000.0,0.0,0.0,,,0.0,,,,,,,,0.0,0.0,,,,0.0,0.0,10.799595985047786,10.799595985047786,0.0,,,,,,,,,0.7898234683281412,,2.0,0.0,0.0,,0.0,0.0,,,0.0,1.0208333333333333,,,,,,,,0.16666666666666666,,,—
MAR,,,,,2.0,3.3,6624000.0,300000.0,23.0,43.0,9957000.0,6324000.0,300000.0,,,,,1.0,,,,,,,,0.0,,,,,0.0,0.0,15.706210126013405,12.611541086966115,3.784189633918261,1.0,1.0,1.0,1.0,-1.000088900581841e-12,,,,0.6329654423738014,,2.0,-1.0,0.38924947208076144,0.048951048951049035,0.0,0.0,,,0.0,11.11111111111111,,,,,,,,0.3333333333333333,,,—
RUS,,,,,3.0,2.7,,,,0.0,,,,,,,,2.0,,,,,,,,,,,,,0.0,0.0,0.0,0.0,0.0,,,,,,,,,0.0,,3.0,0.0,0.0,,0.0,,,,0.0,,1.5,,,,,,,0.16666666666666666,,,—
